{"cameraMode":{"drawMode":0,"name":"Shaded","section":"Shading Mode"},"sceneLighting":false,"audioPlay":false,"sceneViewState":{"m_AlwaysRefresh":false,"showFog":true,"showSkybox":true,"showFlares":true,"showImageEffects":true,"showParticleSystems":true,"showVisualEffectGraphs":true,"m_FxEnabled":false},"in2DMode":false,"pivot":{"x":26.784948348999025,"y":3.3890433311462404,"z":-3.020268440246582},"rotation":{"x":0.48290517926216128,"y":-0.009720695205032826,"z":0.005360869225114584,"w":0.8756075501441956},"size":11.282918930053711,"orthographic":true}